{
  "timestamp": "2026-02-26T15:27:30.251Z",
  "frozen_apps": {
    "ai.qwenlm.chat.android": true,
    "bin.mt.plus.canary": false,
    "ccc71.at.free": true,
    "co.strongteam.kid": true,
    "com.airasia.mobile": true,
    "com.android.chrome": true,
    "com.bigwinepot.nwdn.international": true,
    "com.coderstory.toolkit": true,
    "com.community.oneroom": true,
    "com.facebook.katana": true,
    "com.facebook.orca": true,
    "com.franco.kernel": true,
    "com.gombosdev.ampere": true,
    "com.google.android.GoogleCameraEngR18F1": true,
    "com.google.android.apps.authenticator2": true,
    "com.google.android.apps.maps": true,
    "com.google.android.apps.youtube.music": false,
    "com.google.android.contactkeys": true,
    "com.google.android.gm": true,
    "com.google.android.safetycore": true,
    "com.google.android.youtube": true,
    "com.google.ar.core": true,
    "com.kimcy929.screenrecorder": true,
    "com.machiav3lli.backup": true,
    "com.mobile.legends": true,
    "com.pinterest": true,
    "com.shopee.ph": true,
    "com.smart.consumer.app": true,
    "com.sukisu.ultra": false,
    "com.termux": true,
    "com.tplink.tether": true,
    "com.traveloka.android": true,
    "com.ubnt.usurvey": true,
    "com.zalexdev.stryker": true,
    "dev.zwander.installwithoptions": true,
    "flar2.devcheck": false,
    "io.github.chsbuffer.revancedxposed": true,
    "org.telegram.messenger": true,
    "ph.seabank.seabank": true,
    "ru.zdevs.zarchiver.pro": true,
    "scd.lcex": true,
    "skynet.cputhrottlingtest": false
  }
}
